numero de factura;Condicion Fiscal;id producto;id cliente;fecha de venta;cantidad;Monto Total
A-941-6091259;Resp. Inscripto;35;160;2013/02/27;1;335
B-419-5171450;Cons. Final;32;42;1992/02/26;3;8
B-478-2123533;Monotributista;21;187;2007/09/30;1;296
C-605-8207938;Exento;36;40;2016/01/16;3;417
A-476-6033541;Resp. Inscripto;49;59;2022/04/15;3;337
B-817-4651824;Cons. Final;41;139;2000/10/14;5;14
B-096-7120964;Monotributista;12;116;2006/04/14;5;18
C-516-8480981;Exento;8;44;2021/12/08;2;271
A-092-4412792;Resp. Inscripto;30;191;2017/09/04;5;154
B-922-4535494;Cons. Final;38;128;1993/02/17;2;216
B-948-5203806;Monotributista;49;197;1999/10/11;5;175
C-547-7438252;Exento;36;179;1996/03/29;5;180
A-154-3915312;Resp. Inscripto;45;125;2003/03/05;1;72
B-995-8425715;Cons. Final;1;115;1993/05/30;3;460
B-108-4690536;Monotributista;36;166;1990/10/29;2;32
C-395-0948302;Exento;42;80;1993/05/01;3;440
A-715-7606260;Resp. Inscripto;42;17;2010/06/14;1;77
B-726-1395962;Cons. Final;7;84;2023/04/14;4;367
B-510-7080022;Monotributista;11;13;2005/03/10;3;305
C-614-5357874;Exento;44;187;2020/10/29;1;92
A-837-4440380;Resp. Inscripto;4;143;1996/09/16;3;489
B-029-9959536;Cons. Final;35;92;1998/02/27;4;119
B-190-9680034;Monotributista;32;102;2014/06/11;4;482
C-267-6130443;Exento;34;70;2011/08/01;3;45
A-594-7358630;Resp. Inscripto;20;130;2005/09/15;3;283
B-674-6493783;Cons. Final;44;29;2021/03/30;1;235
B-863-9243405;Monotributista;42;123;2013/05/20;5;444
C-820-0259487;Exento;4;115;2000/07/07;3;466
A-622-0024978;Resp. Inscripto;46;57;2013/10/04;3;373
B-182-3094620;Cons. Final;44;127;2019/08/15;2;87
B-115-0428180;Monotributista;37;99;2004/12/01;1;254
C-651-7889563;Exento;25;161;2017/02/18;4;137
A-430-4271153;Resp. Inscripto;32;137;2013/12/25;3;81
B-605-8571609;Cons. Final;45;103;1997/12/01;3;175
B-970-1730012;Monotributista;50;157;2004/12/13;4;327
C-212-9938886;Exento;9;2;2016/07/04;4;490
A-571-0448926;Resp. Inscripto;24;71;2006/08/07;2;465
B-488-0781873;Cons. Final;13;34;2002/06/23;1;130
B-681-7788125;Monotributista;41;88;1996/10/10;4;189
C-261-4081013;Exento;43;2;1990/12/22;4;354
A-806-7338554;Resp. Inscripto;34;108;1996/12/03;1;244
B-786-2358877;Cons. Final;10;178;2013/10/04;1;470
B-281-1444997;Monotributista;41;163;1990/07/27;2;316
C-419-3092187;Exento;28;45;1993/05/29;4;455
A-875-3260043;Resp. Inscripto;8;76;1998/12/09;5;402
B-761-2583537;Cons. Final;24;121;2006/06/22;5;416
B-268-5707162;Monotributista;16;148;1994/02/22;4;262
C-055-8759982;Exento;47;132;1996/11/11;5;114
A-820-6878499;Resp. Inscripto;42;41;2012/02/03;3;362
B-509-7520044;Cons. Final;39;92;1993/08/07;4;193
B-333-2807749;Monotributista;33;11;2004/12/05;2;262
C-444-2823911;Exento;36;86;2011/03/09;1;412
A-268-3109034;Resp. Inscripto;14;8;2022/07/25;3;177
B-503-9512591;Cons. Final;45;76;2016/07/29;5;465
B-333-8341927;Monotributista;19;130;2007/08/29;4;32
C-520-2328811;Exento;2;196;2011/07/31;4;226
A-831-4811019;Resp. Inscripto;23;160;1999/01/15;3;311
B-459-8864275;Cons. Final;6;119;2001/10/03;4;280
B-800-2121979;Monotributista;1;164;2008/02/18;2;161
C-164-5434045;Exento;10;113;2008/10/13;3;254
A-215-3720490;Resp. Inscripto;14;169;2012/05/11;5;109
B-965-5134494;Cons. Final;20;65;2023/03/11;2;36
B-044-0321374;Monotributista;16;148;2022/12/06;3;92
C-939-2220408;Exento;2;108;2011/10/15;2;147
A-354-2448408;Resp. Inscripto;8;103;2002/10/08;3;403
B-333-1671596;Cons. Final;40;1;1994/07/16;1;422
B-546-3572036;Monotributista;47;27;2018/05/21;2;150
C-240-2985239;Exento;32;177;2011/04/19;5;148
A-409-2829948;Resp. Inscripto;49;136;2016/12/18;4;2
B-756-8902635;Cons. Final;38;32;2010/08/15;4;367
B-666-7028090;Monotributista;4;10;2009/11/19;1;315
C-867-2292309;Exento;15;136;1999/07/22;2;435
A-246-8762931;Resp. Inscripto;22;161;2015/06/28;1;343
B-960-1080085;Cons. Final;2;48;2017/04/06;2;370
B-143-9633769;Monotributista;2;160;2022/05/26;2;162
C-988-9703859;Exento;29;146;2007/11/12;4;31
A-917-7846621;Resp. Inscripto;20;86;2007/12/27;5;63
B-274-0694816;Cons. Final;38;7;1998/09/19;3;481
B-386-3759792;Monotributista;37;69;1997/07/18;1;287
C-447-5123644;Exento;32;175;2010/07/16;2;171
A-413-8376967;Resp. Inscripto;45;95;2014/11/20;5;110
B-620-6081726;Cons. Final;10;40;2001/01/02;2;421
B-302-9546319;Monotributista;6;51;2012/01/26;2;151
C-455-8030844;Exento;18;144;2015/10/18;1;275
A-454-6642413;Resp. Inscripto;33;120;2021/09/26;5;217
B-161-4915191;Cons. Final;6;190;2002/06/28;3;201
B-825-1530750;Monotributista;19;159;2019/04/12;1;244
C-526-7245413;Exento;7;161;2009/06/25;2;142
A-148-1311579;Resp. Inscripto;35;119;2016/03/26;3;172
B-792-9651301;Cons. Final;2;92;1991/02/12;2;496
B-923-3046580;Monotributista;42;88;2023/08/05;4;22
C-448-0862016;Exento;27;191;1995/04/09;4;8
A-992-4914389;Resp. Inscripto;32;127;2008/08/01;4;392
B-489-3827620;Cons. Final;3;64;2012/04/01;1;189
B-760-6789853;Monotributista;23;170;2012/08/20;3;224
C-639-4093958;Exento;38;156;1991/08/20;3;310
A-499-1391325;Resp. Inscripto;19;151;2013/01/05;2;25
B-006-3625972;Cons. Final;40;120;1992/02/04;5;391
B-654-4158296;Monotributista;41;192;2015/04/25;3;435
C-323-6005650;Exento;25;178;1999/06/28;2;269
A-108-4877837;Resp. Inscripto;18;2;2015/05/08;3;237
B-057-8290367;Cons. Final;3;74;1991/03/16;3;117
B-704-5734564;Monotributista;11;142;2018/09/24;5;461
C-469-3781896;Exento;25;156;2011/12/08;2;130
A-760-9140425;Resp. Inscripto;11;192;2008/06/02;2;1
B-208-4206965;Cons. Final;20;26;2003/04/02;3;47
B-390-0914011;Monotributista;44;94;2002/11/23;3;126
C-943-3434146;Exento;3;87;1994/02/16;1;459
A-330-9883270;Resp. Inscripto;3;152;2000/04/08;1;83
B-294-0259871;Cons. Final;15;94;1991/03/18;2;63
B-996-5839711;Monotributista;32;69;2017/12/13;3;115
C-259-0830291;Exento;29;37;1993/08/29;3;453
A-167-0654086;Resp. Inscripto;47;23;2015/10/07;4;179
B-996-1805040;Cons. Final;18;103;2020/03/20;5;326
B-765-4361312;Monotributista;50;142;1993/02/08;2;125
C-654-3220398;Exento;43;92;2022/09/24;5;287
A-540-6066150;Resp. Inscripto;29;25;2006/06/01;2;194
B-333-5313836;Cons. Final;5;92;2020/04/29;1;146
B-870-7393593;Monotributista;48;160;2017/09/12;2;27
C-205-0065974;Exento;33;161;2006/10/05;1;443
A-966-8114448;Resp. Inscripto;26;35;2004/11/20;1;344
B-449-6967214;Cons. Final;3;169;2008/04/09;4;14
B-441-0569487;Monotributista;34;127;1990/11/30;3;312
C-761-4427840;Exento;40;67;2006/12/14;1;480
A-551-7232053;Resp. Inscripto;28;183;1996/06/28;5;460
B-624-4723603;Cons. Final;37;44;2003/08/12;1;111
B-243-9528401;Monotributista;40;87;2019/03/12;2;173
C-424-9974213;Exento;41;108;2015/02/13;2;290
A-216-0856141;Resp. Inscripto;47;50;2002/02/23;1;61
B-359-8483468;Cons. Final;8;173;2013/12/14;5;494
B-917-3053664;Monotributista;20;125;2011/09/25;2;289
C-554-5975942;Exento;21;158;2021/03/13;3;166
A-581-8188697;Resp. Inscripto;35;177;1992/05/08;1;428
B-913-1730889;Cons. Final;2;198;2014/03/11;5;378
B-196-7175274;Monotributista;25;101;1995/06/06;2;307
C-766-1950541;Exento;27;3;2011/03/19;5;253
A-984-9305785;Resp. Inscripto;50;192;2021/11/05;1;75
B-349-6667639;Cons. Final;33;68;2016/07/02;1;58
B-757-6546619;Monotributista;1;6;2018/02/28;3;236
C-248-2656753;Exento;43;190;2020/08/06;5;188
A-357-4975809;Resp. Inscripto;16;104;1999/07/18;5;34
B-839-5544799;Cons. Final;40;35;2010/06/15;3;255
B-576-6861103;Monotributista;25;112;1996/10/03;4;173
C-533-2906032;Exento;50;187;1998/05/23;2;318
A-131-2261585;Resp. Inscripto;1;122;1993/03/06;4;46
B-875-8454501;Cons. Final;36;31;2003/09/03;1;272
B-858-2790238;Monotributista;11;154;1997/11/16;5;168
C-144-2518195;Exento;22;21;2015/01/17;5;376
A-625-1584834;Resp. Inscripto;18;39;2013/11/16;4;63
B-097-4341555;Cons. Final;37;113;2014/12/21;5;274
B-586-4154166;Monotributista;9;70;2007/04/05;5;195
C-706-3626202;Exento;48;21;2011/12/02;4;74
A-268-1821127;Resp. Inscripto;17;113;2016/05/27;1;220
B-408-6824589;Cons. Final;44;7;1994/12/11;2;473
B-350-2855348;Monotributista;48;200;2011/09/07;2;167
C-328-0218301;Exento;5;66;2010/03/30;2;436
A-868-0593864;Resp. Inscripto;39;129;2022/09/03;3;122
B-621-9149452;Cons. Final;42;26;2006/06/26;5;63
B-373-6783358;Monotributista;33;165;2011/11/18;1;381
C-489-6573956;Exento;17;150;1998/05/07;4;442
A-887-0360195;Resp. Inscripto;46;154;2008/01/18;2;266
B-193-4783892;Cons. Final;47;175;1990/08/16;5;188
B-519-4503064;Monotributista;13;75;2005/11/20;4;61
C-463-1001517;Exento;49;131;1994/03/27;2;298
A-082-4545807;Resp. Inscripto;17;47;2011/03/01;2;164
B-223-8949726;Cons. Final;38;156;1994/10/06;5;339
B-985-2436449;Monotributista;37;48;1999/05/03;2;465
C-011-3392716;Exento;46;2;2006/05/23;1;308
A-134-9821060;Resp. Inscripto;21;118;2003/08/02;5;392
B-641-5875983;Cons. Final;26;105;1994/01/04;4;222
B-790-8283005;Monotributista;29;193;2003/12/22;5;205
C-697-5480560;Exento;2;163;2019/11/25;3;432
A-333-9919002;Resp. Inscripto;42;39;2002/01/03;1;51
B-876-5602321;Cons. Final;48;60;2017/12/27;4;189
B-055-2036064;Monotributista;4;56;2023/07/24;3;347
C-502-4667496;Exento;48;82;1991/09/15;4;9
A-288-4979309;Resp. Inscripto;37;144;2007/07/11;5;275
B-648-7675029;Cons. Final;22;122;2002/09/06;2;158
B-324-9736980;Monotributista;16;15;2006/03/10;3;51
C-735-8304108;Exento;10;157;2007/04/27;4;441
A-829-1409667;Resp. Inscripto;36;126;2008/02/01;4;399
B-621-1108186;Cons. Final;32;158;2018/04/23;5;324
B-499-5928637;Monotributista;46;13;2022/10/29;1;413
C-127-7641933;Exento;6;53;1990/07/31;5;473
A-832-6651922;Resp. Inscripto;43;122;2020/01/21;3;500
B-771-3424470;Cons. Final;37;70;2016/03/06;4;304
B-303-2040213;Monotributista;24;109;1993/04/16;4;95
C-505-0246512;Exento;20;105;1991/05/06;4;409
A-702-8337553;Resp. Inscripto;47;46;1999/08/10;2;175
B-928-3742211;Cons. Final;41;188;2000/12/19;2;152
B-051-6202104;Monotributista;18;92;1992/05/11;3;63
C-622-1216872;Exento;42;140;2004/08/18;3;2
A-041-1440121;Resp. Inscripto;13;185;2005/08/31;5;169
B-767-4632209;Cons. Final;8;143;2010/02/08;3;236
B-411-9319544;Monotributista;13;110;2003/01/16;2;116
C-234-8213858;Exento;36;153;2015/08/28;4;326
A-875-5867158;Resp. Inscripto;43;46;2010/07/22;4;389
B-982-7344596;Cons. Final;31;111;1993/11/10;5;458
B-880-6915137;Monotributista;8;112;2012/06/12;4;496
C-580-3868380;Exento;46;73;2004/07/08;1;392
A-114-7576017;Resp. Inscripto;7;38;2006/11/06;4;214
B-237-3540878;Cons. Final;26;1;2004/09/23;1;325
B-926-6201872;Monotributista;22;121;2023/07/09;1;406
C-999-0922537;Exento;8;43;1996/12/13;5;184
A-242-7443495;Resp. Inscripto;17;191;2023/04/18;1;212
B-792-9378353;Cons. Final;38;81;1995/02/05;4;179
B-188-6600916;Monotributista;32;30;1995/11/11;4;282
C-282-2046510;Exento;28;146;1996/03/27;4;139
A-752-4266047;Resp. Inscripto;31;8;2019/10/19;1;182
B-404-6843395;Cons. Final;42;71;2007/08/22;4;457
B-069-0126595;Monotributista;41;99;1994/10/23;1;432
C-094-7739098;Exento;28;90;2021/05/03;3;365
A-280-1505876;Resp. Inscripto;43;184;1991/04/12;3;238
B-333-7132012;Cons. Final;17;182;1994/03/05;2;488
B-237-0036154;Monotributista;35;154;1991/08/30;1;94
C-660-2996547;Exento;40;122;2008/02/04;3;221
A-543-9725006;Resp. Inscripto;17;170;2016/10/13;3;97
B-241-4936197;Cons. Final;48;15;2016/04/06;2;60
B-028-7168251;Monotributista;43;147;1998/05/14;3;355
C-268-9513795;Exento;41;30;2007/02/22;3;479
A-384-9092732;Resp. Inscripto;48;78;2001/11/29;5;181
B-432-1348068;Cons. Final;22;183;2015/07/22;3;208
B-355-7032879;Monotributista;25;153;2006/12/02;3;98
C-753-1293136;Exento;24;15;1991/10/01;5;384
A-667-1935010;Resp. Inscripto;8;26;2022/07/15;3;94
B-653-0463405;Cons. Final;25;70;2015/10/07;4;443
B-688-9673173;Monotributista;13;102;2005/09/22;4;235
C-518-6187232;Exento;35;101;2017/03/17;3;129
A-152-9334797;Resp. Inscripto;33;130;2014/12/30;4;289
B-922-5413371;Cons. Final;38;32;1993/12/19;5;328
B-694-0658048;Monotributista;47;80;2012/06/05;4;414
C-031-2262311;Exento;41;23;2013/07/27;2;370
A-453-5791163;Resp. Inscripto;40;129;2012/04/04;4;96
B-958-2514125;Cons. Final;45;195;2001/10/15;3;108
B-175-8889581;Monotributista;43;86;2011/05/21;3;38
C-505-7594236;Exento;46;40;1997/09/28;1;321
A-763-7751464;Resp. Inscripto;40;143;1997/02/18;5;284
B-593-8627521;Cons. Final;12;124;2013/06/10;2;157
B-491-8849338;Monotributista;14;68;2004/05/08;1;344
C-372-9129329;Exento;11;93;2006/12/22;2;371
A-295-6171896;Resp. Inscripto;12;10;2019/04/04;1;400
B-064-6227841;Cons. Final;43;28;2022/12/01;5;153
B-627-1029022;Monotributista;11;131;2003/04/05;3;63
C-114-5776198;Exento;18;138;1991/09/14;2;426
A-522-2391502;Resp. Inscripto;24;78;2001/08/13;2;474
B-235-6827929;Cons. Final;33;121;1990/08/31;4;493
B-650-1415924;Monotributista;4;94;2002/07/09;2;393
C-473-1813753;Exento;1;12;2006/04/01;5;49
A-431-1689861;Resp. Inscripto;42;5;1996/07/26;5;394
B-840-9565334;Cons. Final;39;85;2016/05/28;2;37
B-808-6667639;Monotributista;8;62;2019/02/20;3;44
C-389-0927834;Exento;11;133;1994/11/20;3;457
A-287-9287766;Resp. Inscripto;31;126;2010/08/29;2;43
B-162-2794642;Cons. Final;40;164;1994/09/07;5;220
B-962-8792182;Monotributista;40;46;2021/04/20;4;187
C-101-1275441;Exento;32;129;1996/12/23;1;300
A-083-7923861;Resp. Inscripto;19;123;2016/08/08;2;342
B-554-4392821;Cons. Final;28;198;1995/05/16;2;73
B-190-0341076;Monotributista;39;50;2010/10/07;3;338
C-205-2502229;Exento;4;118;2008/04/16;4;204
A-720-0380528;Resp. Inscripto;23;17;1993/07/12;2;41
B-742-2292213;Cons. Final;41;117;2021/10/25;3;114
B-016-1090249;Monotributista;17;42;1991/02/22;2;43
C-949-7015922;Exento;42;198;2003/10/08;2;302
A-309-3042112;Resp. Inscripto;1;14;1992/03/31;4;412
B-567-3384604;Cons. Final;4;135;2021/08/14;2;19
B-752-1161244;Monotributista;23;16;2011/04/22;4;234
C-646-9189631;Exento;43;118;2000/01/12;3;356
A-536-1763496;Resp. Inscripto;26;140;2000/01/26;4;252
B-751-7914992;Cons. Final;43;69;1996/09/01;4;235
B-334-5609568;Monotributista;45;122;2008/05/22;5;281
C-639-9645276;Exento;34;64;2006/02/17;2;479
A-427-2031289;Resp. Inscripto;25;123;2020/10/14;2;231
B-842-2695719;Cons. Final;40;133;1993/08/21;3;424
B-679-8439414;Monotributista;4;54;1995/06/14;2;477
C-003-2354777;Exento;22;13;2018/02/07;1;27
A-983-6697321;Resp. Inscripto;8;177;2014/10/08;1;374
B-650-0511411;Cons. Final;36;74;2015/09/02;3;271
B-050-5463225;Monotributista;28;99;2006/10/08;5;222
C-820-2163819;Exento;48;150;2017/01/08;1;221
A-571-6678144;Resp. Inscripto;43;193;2018/01/30;1;394
B-695-1982599;Cons. Final;4;117;2002/04/16;3;404
B-175-5919162;Monotributista;46;120;2003/01/18;2;121
C-361-4415792;Exento;29;16;1997/12/18;2;463
A-070-5753275;Resp. Inscripto;33;185;2013/05/28;1;209
B-953-0389338;Cons. Final;42;34;2008/07/22;2;120
B-598-5478025;Monotributista;18;199;2004/10/27;3;168
C-961-1406564;Exento;7;91;1999/06/20;3;384
A-350-6543462;Resp. Inscripto;39;133;1999/05/29;3;464
B-802-1448463;Cons. Final;28;3;2015/03/06;3;20
B-464-2507028;Monotributista;27;37;2002/06/01;4;439
C-266-2903228;Exento;29;96;2010/05/20;4;19
A-905-1863768;Resp. Inscripto;30;17;2004/09/22;3;406
B-242-6504934;Cons. Final;37;171;1995/09/29;2;209
B-032-6212698;Monotributista;14;39;2005/10/09;1;277
C-601-6744723;Exento;30;115;1995/01/13;4;220
A-005-0023095;Resp. Inscripto;34;57;1998/02/03;2;260
B-415-7602812;Cons. Final;8;24;2013/08/03;3;114
B-153-5661965;Monotributista;2;64;2015/02/23;1;427
C-049-0947510;Exento;6;47;2021/07/25;3;300
A-009-8198783;Resp. Inscripto;16;132;2015/05/13;5;426
B-907-2832275;Cons. Final;8;198;1991/01/14;4;84
B-894-6439517;Monotributista;41;169;2001/08/18;3;217
C-128-3271527;Exento;43;27;2002/08/24;5;240
A-296-4459189;Resp. Inscripto;34;14;1997/01/16;2;157
B-205-5654207;Cons. Final;44;67;2022/12/03;3;123
B-055-8608402;Monotributista;7;169;2013/03/18;4;320
C-448-6606705;Exento;42;94;2013/04/13;4;117
A-628-9815349;Resp. Inscripto;27;99;1998/06/20;5;21
B-349-6637160;Cons. Final;49;111;2009/01/30;5;243
B-110-5129928;Monotributista;24;27;2020/09/12;3;161
C-867-7678873;Exento;30;160;2009/05/17;3;265
A-793-4853529;Resp. Inscripto;42;182;2000/02/27;3;432
B-456-4499513;Cons. Final;50;18;1998/01/10;5;165
B-470-0013835;Monotributista;39;49;1998/03/01;1;16
C-849-3853964;Exento;36;181;2000/05/16;2;475
A-723-3646310;Resp. Inscripto;34;60;2016/12/15;1;317
B-924-9113812;Cons. Final;28;40;2020/07/18;2;289
B-377-8626795;Monotributista;23;133;2007/06/07;3;31
C-734-2485622;Exento;48;186;1991/08/19;1;431
A-588-2043968;Resp. Inscripto;23;40;2017/04/30;1;405
B-105-2039171;Cons. Final;32;83;2006/07/16;1;251
B-066-0204258;Monotributista;5;47;2013/09/12;5;331
C-339-5666148;Exento;48;98;2004/06/16;2;283
A-837-3173197;Resp. Inscripto;18;81;2007/09/09;5;403
B-537-4500430;Cons. Final;25;2;1992/08/13;2;48
B-377-0701058;Monotributista;24;124;2006/07/02;2;391
C-599-3413958;Exento;44;152;2013/05/31;2;389
A-437-6666031;Resp. Inscripto;4;158;2003/08/29;5;360
B-201-4278455;Cons. Final;31;188;2006/10/14;3;244
B-817-3490424;Monotributista;4;129;1993/03/13;3;97
C-136-9159724;Exento;27;11;2019/07/21;5;103
A-225-4171094;Resp. Inscripto;22;78;1998/07/14;5;298
B-671-3108971;Cons. Final;19;116;2009/05/16;3;132
B-321-5672276;Monotributista;17;164;1997/06/18;2;19
C-026-5961536;Exento;49;18;1999/05/27;5;222
A-150-8293687;Resp. Inscripto;45;35;2007/05/24;5;85
B-056-2149618;Cons. Final;49;77;2005/11/23;2;400
B-369-1951716;Monotributista;19;60;2002/12/03;2;444
C-922-8916608;Exento;4;140;1994/12/16;5;319
A-341-3374751;Resp. Inscripto;22;41;2012/02/16;1;453
B-931-2320547;Cons. Final;43;76;1995/11/15;5;286
B-507-9941182;Monotributista;4;73;2012/03/10;5;186
C-669-1455502;Exento;16;27;2007/04/13;5;151
A-630-9101916;Resp. Inscripto;18;96;2006/11/16;3;295
B-177-1793609;Cons. Final;42;52;2011/11/06;2;357
B-077-1453829;Monotributista;49;67;2023/02/14;2;65
C-298-6194323;Exento;6;159;2010/01/09;1;332
A-345-1507580;Resp. Inscripto;32;87;1998/08/23;5;426
B-220-1182146;Cons. Final;46;78;1995/11/21;3;365
B-226-8767239;Monotributista;35;68;1991/01/16;3;159
C-097-2463703;Exento;7;47;1998/03/21;5;296
A-706-9795211;Resp. Inscripto;39;96;2002/07/06;4;134
B-723-0880688;Cons. Final;4;139;2007/02/16;5;288
B-700-2133298;Monotributista;49;198;2007/10/16;1;488
C-509-7144551;Exento;49;168;2010/07/24;3;155
A-974-5305588;Resp. Inscripto;34;57;2000/07/28;1;126
B-910-1090590;Cons. Final;34;154;2012/12/11;3;492
B-540-8402037;Monotributista;2;29;1993/04/19;1;170
C-612-2177053;Exento;19;14;2002/06/29;1;187
A-437-0325368;Resp. Inscripto;43;136;2007/01/27;1;22
B-562-4781755;Cons. Final;13;80;1998/03/27;2;481
B-088-6315243;Monotributista;23;170;2012/08/18;4;215
C-990-1164077;Exento;18;144;1996/12/19;4;477
A-649-4480209;Resp. Inscripto;37;35;1997/12/04;1;340
B-967-9159053;Cons. Final;13;135;1993/12/29;3;184
B-126-5293733;Monotributista;48;106;2004/02/03;2;335
C-110-0941597;Exento;7;16;2000/03/09;4;481
A-028-4283313;Resp. Inscripto;35;138;2005/09/25;3;47
B-780-1796308;Cons. Final;26;119;2023/02/10;3;150
B-433-1417350;Monotributista;12;145;1990/11/05;3;127
C-467-3851256;Exento;30;22;2018/04/25;4;103
A-152-4424953;Resp. Inscripto;6;175;2015/05/17;2;259
B-042-9806258;Cons. Final;14;168;1993/05/28;1;201
B-594-4831624;Monotributista;36;99;2009/04/14;1;134
C-879-7199751;Exento;3;12;2017/02/05;4;146
A-058-1277209;Resp. Inscripto;35;184;1997/12/19;1;308
B-045-4716741;Cons. Final;39;155;1993/03/20;5;113
B-472-2250256;Monotributista;47;161;2005/06/11;2;34
C-402-1435961;Exento;25;111;2014/07/10;4;495
A-550-3011533;Resp. Inscripto;34;185;2012/04/16;1;199
B-807-1877543;Cons. Final;29;70;2017/11/01;1;127
B-934-9437686;Monotributista;45;9;2003/03/26;5;488
C-312-1013124;Exento;34;166;2021/04/04;5;110
A-385-4589825;Resp. Inscripto;28;85;2014/01/12;1;179
B-090-8713645;Cons. Final;12;23;2021/08/12;1;336
B-952-3021235;Monotributista;15;141;2013/02/11;3;411
C-483-0182106;Exento;25;28;1997/07/26;5;446
A-460-4533306;Resp. Inscripto;36;35;2013/04/05;3;495
B-007-5398699;Cons. Final;41;167;1995/11/17;2;130
B-943-0751348;Monotributista;31;113;1998/09/20;2;206
C-644-9486729;Exento;22;43;2007/02/16;1;200
A-679-8388616;Resp. Inscripto;8;60;2013/02/19;5;167
B-574-8992746;Cons. Final;34;154;1990/03/04;4;305
B-914-5149396;Monotributista;16;77;1999/02/20;2;232
C-939-9797504;Exento;17;135;2002/03/24;3;197
A-725-1015285;Resp. Inscripto;16;172;1994/04/12;1;484
B-983-6287571;Cons. Final;37;116;2008/07/08;2;468
B-156-9002827;Monotributista;19;12;2017/12/03;5;89
C-018-8349487;Exento;44;152;2022/06/27;3;334
A-794-3161867;Resp. Inscripto;50;80;2000/07/02;1;445
B-667-8034802;Cons. Final;26;45;2016/07/22;5;404
B-082-0818450;Monotributista;28;117;1991/04/25;2;436
C-550-2173760;Exento;11;16;2021/01/27;5;90
A-005-8489872;Resp. Inscripto;24;61;1994/05/18;3;287
B-091-0661938;Cons. Final;46;107;1995/10/16;3;271
B-219-8353261;Monotributista;43;197;1995/04/17;1;296
C-793-2517095;Exento;37;123;2021/12/17;4;4
A-118-4351458;Resp. Inscripto;46;79;2003/04/11;3;422
B-468-9087915;Cons. Final;37;106;2015/08/19;5;474
B-695-7211857;Monotributista;20;162;2017/08/31;4;452
C-780-0350320;Exento;44;33;2023/05/12;4;25
A-173-3865239;Resp. Inscripto;10;116;2012/05/16;1;56
B-593-9927039;Cons. Final;32;145;1999/09/04;2;153
B-506-7916090;Monotributista;7;59;2002/01/16;2;342
C-856-2979202;Exento;20;60;2014/02/19;1;198
A-877-9137842;Resp. Inscripto;30;192;2020/10/11;1;20
B-148-7913613;Cons. Final;47;137;2010/06/02;4;137
B-652-2155190;Monotributista;5;148;2007/07/03;5;158
C-022-6907128;Exento;28;9;2008/10/08;5;490
A-979-4789591;Resp. Inscripto;23;66;2009/04/09;5;291
B-915-3522235;Cons. Final;43;197;2005/11/01;2;174
B-949-2894984;Monotributista;36;70;1994/01/22;2;437
C-356-5630983;Exento;30;196;1994/03/15;4;265
A-809-0288339;Resp. Inscripto;2;171;2017/06/19;1;12
B-937-5527242;Cons. Final;26;119;2015/04/27;1;310
B-179-2032616;Monotributista;26;196;2000/12/09;1;196
C-416-0707831;Exento;32;74;2012/05/03;3;351
A-128-6862837;Resp. Inscripto;24;107;2019/03/06;4;492
B-760-9745257;Cons. Final;28;134;2000/05/25;3;131
B-414-8764145;Monotributista;1;175;1993/06/25;5;389
C-083-1284370;Exento;27;33;2001/05/02;2;245
A-733-1010407;Resp. Inscripto;46;29;1994/12/27;1;12
B-456-7073286;Cons. Final;49;4;2000/07/18;5;5
B-957-3113829;Monotributista;9;18;2001/01/11;5;396
C-434-6358692;Exento;2;152;2010/10/02;4;80
A-788-2223333;Resp. Inscripto;46;195;1995/03/30;1;391
B-251-8790238;Cons. Final;13;41;2023/06/24;4;23
B-639-5578464;Monotributista;28;154;2004/12/16;4;125
C-144-0888946;Exento;37;47;2022/04/21;5;3
A-009-1015434;Resp. Inscripto;42;40;2013/02/06;3;193
B-989-0787278;Cons. Final;18;73;1997/01/13;2;203
B-907-8658821;Monotributista;39;59;1994/03/03;5;74
C-321-6271042;Exento;13;145;1998/11/22;5;359
A-323-7996817;Resp. Inscripto;31;194;2012/10/09;2;398
B-148-5263382;Cons. Final;22;114;2019/12/21;5;406
B-928-6121384;Monotributista;8;48;2015/07/03;2;48
C-066-7250414;Exento;11;83;2019/08/15;3;358
A-781-0682530;Resp. Inscripto;41;180;2000/04/04;1;4
B-319-5133335;Cons. Final;9;189;2022/02/25;3;235
B-383-8612189;Monotributista;21;57;1995/12/25;2;196
C-048-6710235;Exento;7;86;1990/04/01;3;491
A-481-1669654;Resp. Inscripto;26;56;2010/06/15;4;73
B-299-1242629;Cons. Final;20;115;1992/05/20;5;168
B-091-9954520;Monotributista;38;152;1999/01/04;5;132
C-838-1041915;Exento;19;169;2018/07/05;4;201
A-764-9650378;Resp. Inscripto;22;155;1996/12/14;3;37
B-826-0888743;Cons. Final;3;69;1990/08/10;3;295
B-076-2284591;Monotributista;32;1;1999/04/01;5;256
C-621-7427953;Exento;14;138;1991/10/29;5;115
A-663-6670348;Resp. Inscripto;10;154;2011/02/10;3;148
B-192-7741124;Cons. Final;34;39;1999/04/03;1;244
B-438-8358254;Monotributista;17;79;1996/02/08;3;223
C-200-3608869;Exento;33;181;2013/03/17;4;177
A-961-0277182;Resp. Inscripto;19;7;2018/01/24;4;179
B-744-9402018;Cons. Final;31;53;2012/08/12;5;162
B-193-8045564;Monotributista;6;164;2007/05/10;5;330
C-315-2212013;Exento;38;87;2005/01/07;1;144
A-923-1904449;Resp. Inscripto;38;62;2015/06/04;5;145
B-709-7854455;Cons. Final;7;187;2021/06/01;2;271
B-365-0498592;Monotributista;2;170;2022/07/14;4;279
C-998-1045162;Exento;6;32;1997/01/12;2;221
A-152-3782216;Resp. Inscripto;4;52;1994/06/10;4;27
B-097-8093980;Cons. Final;19;15;2013/06/22;1;354
B-193-2782891;Monotributista;33;56;1996/02/23;2;311
C-296-9039674;Exento;4;20;2018/06/02;1;117
A-344-8430484;Resp. Inscripto;44;13;2018/02/08;3;39
B-434-0767940;Cons. Final;18;3;2010/10/30;1;40
B-137-3988291;Monotributista;17;9;1991/06/17;4;276
C-513-5966516;Exento;45;68;2017/07/04;4;191
A-447-7118547;Resp. Inscripto;37;96;1999/08/17;1;76
B-561-8483274;Cons. Final;29;188;2022/05/17;1;304
B-098-5985415;Monotributista;19;47;1990/08/06;5;494
C-735-5889425;Exento;37;74;2001/07/16;5;236
A-236-5693108;Resp. Inscripto;36;199;2022/07/29;5;196
B-902-2713962;Cons. Final;47;143;1994/09/26;3;112
B-586-0534660;Monotributista;26;32;2009/05/25;1;429
C-540-7839686;Exento;44;134;2020/12/09;2;360
A-961-5061344;Resp. Inscripto;8;192;2021/08/02;3;170
B-572-4983987;Cons. Final;6;103;2019/08/08;5;360
B-718-4266142;Monotributista;35;128;2012/08/25;4;181
C-061-4793863;Exento;4;45;2007/01/16;5;10
A-054-2942496;Resp. Inscripto;39;105;1994/07/23;1;52
B-168-5549249;Cons. Final;27;183;2017/07/11;1;169
B-193-9717042;Monotributista;21;67;2010/03/17;2;179
C-489-4199775;Exento;48;152;2007/06/16;1;371
A-510-6307351;Resp. Inscripto;36;100;2008/08/23;4;201
B-970-9368812;Cons. Final;34;81;2001/11/20;2;247
B-858-7606719;Monotributista;47;34;1997/11/29;1;355
C-399-5214534;Exento;10;179;1996/02/26;5;339
A-033-9480207;Resp. Inscripto;3;49;2014/01/19;4;397
B-713-7792975;Cons. Final;38;52;2002/05/18;5;303
B-983-4422990;Monotributista;24;104;1995/03/19;3;390
C-264-6428382;Exento;3;98;2009/03/31;5;119
A-991-9132459;Resp. Inscripto;41;21;2018/05/18;3;94
B-218-2065274;Cons. Final;11;112;2017/12/17;1;317
B-709-1537093;Monotributista;37;8;2010/05/14;5;200
C-641-6206205;Exento;32;186;1994/03/15;3;475
A-570-9892577;Resp. Inscripto;28;96;2018/02/11;2;412
B-552-3448922;Cons. Final;10;105;1992/06/21;2;426
B-349-1927507;Monotributista;29;132;1999/08/12;5;210
C-112-7409640;Exento;23;144;2021/01/11;2;164
A-409-6566531;Resp. Inscripto;50;69;2021/02/19;1;78
B-092-7820741;Cons. Final;23;6;1990/02/08;4;177
B-203-8143542;Monotributista;25;186;2002/01/12;3;14
C-037-4121233;Exento;44;161;2012/04/11;2;1
A-013-3698857;Resp. Inscripto;28;177;2012/09/15;1;42
B-231-4707951;Cons. Final;38;34;2015/11/28;3;25
B-955-8382720;Monotributista;26;15;2004/08/08;4;303
C-768-3589207;Exento;33;50;2004/09/11;1;96
A-419-7876980;Resp. Inscripto;50;10;2021/09/09;1;457
B-393-6022802;Cons. Final;42;53;2002/01/07;5;214
B-014-2463788;Monotributista;30;100;2004/03/13;2;229
C-606-2753597;Exento;50;130;2016/06/05;5;221
A-396-0005295;Resp. Inscripto;12;145;2018/07/29;5;69
B-353-2771949;Cons. Final;21;189;2012/02/05;1;231
B-562-8170467;Monotributista;5;49;1997/03/23;1;194
C-463-4509169;Exento;29;130;1994/06/12;2;390
A-151-0810665;Resp. Inscripto;8;169;1990/03/05;4;127
B-972-6886752;Cons. Final;42;173;1998/05/12;1;310
B-948-6276068;Monotributista;36;192;2016/08/04;5;342
C-767-6901163;Exento;24;147;2003/11/11;4;400
A-240-9220706;Resp. Inscripto;18;195;2014/08/21;3;260
B-454-3310772;Cons. Final;20;44;1992/04/21;5;173
B-293-1228667;Monotributista;35;123;2021/06/08;1;376
C-015-8043186;Exento;3;155;2009/04/22;1;145
A-224-5031633;Resp. Inscripto;28;90;2016/04/02;4;79
B-397-1771138;Cons. Final;5;15;1992/03/27;1;214
B-082-1324019;Monotributista;46;17;2013/05/04;1;281
C-067-8134535;Exento;28;92;2001/09/06;5;440
A-118-3183253;Resp. Inscripto;35;17;1990/01/01;4;216
B-562-6344214;Cons. Final;5;48;2011/07/23;3;206
B-868-2134531;Monotributista;48;85;2015/02/03;2;494
C-717-9981248;Exento;14;119;2008/07/08;3;178
A-332-7599533;Resp. Inscripto;24;17;1990/07/22;2;191
B-307-6591471;Cons. Final;38;185;2010/03/26;4;453
B-500-6800394;Monotributista;42;68;1991/06/20;5;474
C-881-8723360;Exento;13;10;1999/08/04;4;62
A-511-6549483;Resp. Inscripto;13;117;1995/06/22;5;438
B-178-0557726;Cons. Final;8;40;2006/10/24;3;321
B-979-7938021;Monotributista;35;192;2017/10/28;1;35
C-585-7921564;Exento;33;23;2018/02/28;5;325
A-324-6263747;Resp. Inscripto;19;196;1990/02/01;3;471
B-330-8893635;Cons. Final;43;91;2006/04/09;5;478
B-410-0287065;Monotributista;26;8;2008/05/07;1;6
C-524-8123597;Exento;14;26;1995/08/29;1;255
A-761-6347093;Resp. Inscripto;17;109;2004/07/01;4;10
B-950-4481359;Cons. Final;23;35;2015/04/13;4;20
B-164-4495288;Monotributista;19;102;2016/11/10;5;307
C-546-1608187;Exento;4;105;1999/05/04;3;4
A-803-0433594;Resp. Inscripto;28;126;1992/01/16;5;468
B-405-8463027;Cons. Final;9;139;1990/11/14;5;450
B-751-9608620;Monotributista;40;195;2021/06/17;5;470
C-930-7814530;Exento;22;128;1997/11/23;3;26
A-277-7305363;Resp. Inscripto;40;157;1990/10/15;1;134
B-490-9661841;Cons. Final;11;14;1992/05/08;2;461
B-959-9728074;Monotributista;24;29;2017/06/11;2;90
C-755-4326846;Exento;1;199;2023/02/05;4;494
A-330-6490869;Resp. Inscripto;13;48;2012/12/10;4;400
B-923-1944059;Cons. Final;8;106;2014/04/04;5;338
B-564-0463578;Monotributista;15;161;2008/04/01;2;82
C-583-3476381;Exento;23;168;2016/07/09;4;366
A-491-8460459;Resp. Inscripto;27;69;2006/06/13;3;464
B-532-4410612;Cons. Final;31;189;2003/12/04;5;221
B-389-1639762;Monotributista;12;122;2009/04/03;2;260
C-488-0882459;Exento;45;183;2017/06/25;5;157
A-325-5628297;Resp. Inscripto;31;118;2003/08/15;3;347
B-523-3835934;Cons. Final;20;199;1990/05/13;2;33
B-393-3421338;Monotributista;21;200;2014/07/24;4;486
C-535-2074601;Exento;49;165;2014/03/23;4;91
A-213-0551622;Resp. Inscripto;37;140;2019/11/17;3;484
B-501-2987884;Cons. Final;8;60;2002/06/01;2;433
B-326-2388394;Monotributista;47;198;2021/04/10;5;109
C-959-3753354;Exento;32;42;2022/06/09;4;432
A-357-5764276;Resp. Inscripto;31;141;2007/05/25;4;102
B-435-1143006;Cons. Final;10;189;2005/05/30;5;311
B-573-6621871;Monotributista;4;39;2003/02/23;1;48
C-883-2173585;Exento;10;118;2018/06/21;5;279
A-134-3625220;Resp. Inscripto;32;56;2004/07/16;5;190
B-970-0631179;Cons. Final;44;56;2019/05/21;5;91
B-684-3016856;Monotributista;4;155;2015/09/25;3;127
C-477-7957746;Exento;21;194;1999/09/11;3;484
A-513-4950049;Resp. Inscripto;16;89;2007/05/31;2;436
B-998-6977447;Cons. Final;28;135;2017/08/21;1;217
B-941-4114096;Monotributista;17;161;2015/08/02;3;252
C-466-1348123;Exento;25;100;1991/06/08;4;409
A-647-2125071;Resp. Inscripto;16;73;2000/03/06;4;179
B-773-0350786;Cons. Final;28;189;1998/02/17;1;298
B-488-2556487;Monotributista;50;118;1997/02/16;2;166
C-534-7307811;Exento;43;153;1996/02/28;4;237
A-599-5244478;Resp. Inscripto;10;57;1996/05/01;2;484
B-269-3735133;Cons. Final;29;178;2000/02/05;4;288
B-308-9058302;Monotributista;49;193;1999/11/26;3;351
C-919-4814254;Exento;46;2;1992/05/18;1;193
A-832-6589325;Resp. Inscripto;7;121;2007/02/18;4;409
B-495-1447858;Cons. Final;13;164;1997/02/10;5;197
B-898-8414149;Monotributista;35;136;2010/01/23;1;204
C-683-1869688;Exento;10;196;1997/12/31;2;455
A-836-8773996;Resp. Inscripto;14;87;2022/10/11;1;368
B-656-7807898;Cons. Final;48;28;1993/09/26;5;298
B-162-7715410;Monotributista;11;97;2008/04/16;4;215
C-015-3880578;Exento;4;64;1993/01/31;4;114
A-699-0340012;Resp. Inscripto;18;161;2016/09/06;5;430
B-318-1847033;Cons. Final;29;113;2016/01/23;5;420
B-095-2544928;Monotributista;11;151;1996/09/22;1;457
C-417-9372989;Exento;26;198;2008/03/21;4;167
A-099-2286318;Resp. Inscripto;47;155;2006/06/06;5;281
B-579-8761585;Cons. Final;35;97;2000/04/14;2;374
B-910-1089592;Monotributista;14;142;2013/07/19;3;385
C-777-1128182;Exento;14;107;2022/11/15;4;12
A-120-7547209;Resp. Inscripto;9;158;1993/11/05;4;40
B-279-3427561;Cons. Final;34;11;1994/02/08;4;175
B-281-1246533;Monotributista;40;116;1993/05/02;4;453
C-381-9865119;Exento;27;170;2009/10/22;3;300
A-064-9514532;Resp. Inscripto;19;145;2017/05/21;5;438
B-052-3798399;Cons. Final;43;85;1993/03/31;5;135
B-427-3833810;Monotributista;5;165;2003/11/29;5;454
C-394-6130569;Exento;22;12;2003/07/03;4;225
A-016-0985553;Resp. Inscripto;42;55;1997/11/20;3;250
B-138-1215343;Cons. Final;19;62;2000/06/09;5;251
B-922-0443889;Monotributista;13;27;2009/01/22;1;375
C-420-8568928;Exento;26;33;1994/05/03;3;388
A-854-6409540;Resp. Inscripto;45;120;2001/03/28;3;377
B-604-1391879;Cons. Final;38;170;2012/02/03;2;55
B-607-5672487;Monotributista;48;143;2000/09/29;5;471
C-594-2704887;Exento;33;85;2007/05/30;2;159
A-336-0026851;Resp. Inscripto;8;9;1999/07/31;5;442
B-120-4656809;Cons. Final;15;55;2013/05/10;2;440
B-279-6705700;Monotributista;6;170;2007/11/15;4;103
C-668-9554216;Exento;15;56;2011/10/07;4;496
A-966-4451197;Resp. Inscripto;19;73;2001/05/06;4;381
B-674-3806589;Cons. Final;31;36;1993/07/01;4;430
B-344-5119559;Monotributista;20;169;2003/04/12;3;71
C-446-7867369;Exento;45;152;2011/07/20;5;473
A-480-7156980;Resp. Inscripto;19;179;2015/12/16;3;460
B-176-1633403;Cons. Final;16;22;2010/01/18;1;95
B-899-9105208;Monotributista;42;92;2014/11/06;4;63
C-497-9023940;Exento;46;47;2023/04/17;5;370
A-030-1701148;Resp. Inscripto;31;96;1993/03/01;3;268
B-364-1616155;Cons. Final;33;84;2008/05/28;1;331
B-486-1546503;Monotributista;19;164;2021/03/20;1;48
C-715-8169346;Exento;4;163;2009/04/05;1;77
A-573-8941701;Resp. Inscripto;45;16;2006/10/13;4;36
B-119-3850423;Cons. Final;8;77;2004/08/22;3;311
B-952-3469488;Monotributista;13;100;1995/11/29;4;118
C-681-9505882;Exento;15;78;2002/12/20;3;341
A-240-9255909;Resp. Inscripto;27;39;2017/11/28;2;382
B-799-7968923;Cons. Final;8;169;2000/03/04;3;87
B-147-8919926;Monotributista;9;16;2013/03/02;3;139
C-352-0912841;Exento;24;90;2002/01/15;3;388
A-134-3243339;Resp. Inscripto;31;73;1998/02/15;1;384
B-477-3706701;Cons. Final;32;160;1997/09/22;5;205
B-906-6481627;Monotributista;45;28;2021/10/22;4;277
C-367-8639887;Exento;33;31;2023/01/16;3;494
A-699-1653456;Resp. Inscripto;29;173;2023/01/08;3;366
B-646-7886556;Cons. Final;48;168;1992/11/21;2;478
B-583-7328562;Monotributista;5;117;2000/04/24;1;31
C-535-9751951;Exento;23;155;2000/07/04;4;425
A-963-3014607;Resp. Inscripto;50;125;2010/11/30;1;190
B-210-0391163;Cons. Final;26;42;2003/07/14;4;460
B-695-7108172;Monotributista;24;6;1992/08/21;5;469
C-690-9852170;Exento;32;162;2018/07/30;1;346
A-297-9713012;Resp. Inscripto;35;51;1992/08/20;3;256
B-241-3728206;Cons. Final;27;103;2007/01/23;2;286
B-245-7490400;Monotributista;44;56;2001/05/05;3;351
C-542-2090743;Exento;8;158;2017/01/18;3;182
A-077-2670703;Resp. Inscripto;41;6;1999/08/24;3;213
B-663-3331035;Cons. Final;38;104;2015/07/15;1;34
B-446-4384350;Monotributista;14;70;1996/09/02;3;356
C-961-0511012;Exento;8;120;2011/06/02;5;21
A-068-9230472;Resp. Inscripto;2;128;1992/08/08;5;128
B-227-0728009;Cons. Final;9;81;2020/01/10;2;484
B-138-2009875;Monotributista;49;199;2003/12/21;4;477
C-496-3238985;Exento;8;167;2002/04/19;5;91
A-270-5559756;Resp. Inscripto;2;178;2016/06/07;5;446
B-067-4399470;Cons. Final;13;136;2002/02/19;2;21
B-128-1503930;Monotributista;44;57;1992/01/18;1;385
C-792-8952413;Exento;41;155;1999/09/08;2;234
A-502-3886145;Resp. Inscripto;20;52;2020/06/21;4;130
B-700-8381955;Cons. Final;9;1;2021/12/21;3;116
B-036-3515267;Monotributista;46;106;1992/06/30;1;312
C-845-6227954;Exento;33;51;1998/03/14;3;72
A-234-2562911;Resp. Inscripto;22;17;1992/02/12;4;79
B-109-5307719;Cons. Final;41;149;2000/07/24;4;211
B-240-0606706;Monotributista;22;140;1991/12/18;3;473
C-338-0339188;Exento;14;160;2022/03/23;1;399
A-658-4997942;Resp. Inscripto;30;32;2020/01/17;3;293
B-550-5994153;Cons. Final;33;95;2014/06/18;3;101
B-226-0835619;Monotributista;34;9;1995/03/24;3;340
C-208-9635229;Exento;11;89;1996/07/06;1;30
A-074-3280401;Resp. Inscripto;40;161;2000/06/13;4;446
B-503-8024380;Cons. Final;39;23;2012/07/12;2;44
B-915-6802269;Monotributista;18;60;1998/12/07;3;183
C-777-0863538;Exento;6;98;1999/12/05;2;143
A-915-0554095;Resp. Inscripto;19;75;2002/01/10;2;453
B-010-8048044;Cons. Final;31;6;2006/08/29;1;442
B-559-6891009;Monotributista;43;117;2018/09/11;5;357
C-821-8159770;Exento;46;165;2019/12/17;5;104
A-323-9751321;Resp. Inscripto;23;38;2005/05/11;5;236
B-372-5159497;Cons. Final;14;183;2009/10/08;1;152
B-493-8589543;Monotributista;2;126;2018/04/06;5;439
C-030-9241269;Exento;1;156;1999/09/29;5;484
A-472-5815348;Resp. Inscripto;12;122;2001/03/31;3;293
B-658-1461981;Cons. Final;12;190;2004/06/01;2;418
B-050-0518136;Monotributista;43;129;2010/07/26;1;174
C-423-4037423;Exento;9;38;2012/10/26;1;327
A-446-1276100;Resp. Inscripto;6;191;2005/12/03;2;377
B-793-3964244;Cons. Final;20;148;2001/12/03;4;283
B-025-8843734;Monotributista;12;33;2003/02/06;4;62
C-654-7635211;Exento;24;29;2001/08/07;1;97
A-117-7716011;Resp. Inscripto;23;96;2022/07/30;4;305
B-896-1733215;Cons. Final;1;12;2018/05/24;4;337
B-182-4203880;Monotributista;2;33;2011/12/03;5;105
C-368-4190993;Exento;22;63;2012/03/23;1;169
A-540-1841675;Resp. Inscripto;18;49;2001/11/12;5;493
B-336-8378684;Cons. Final;33;179;2015/10/13;5;492
B-779-2844345;Monotributista;9;31;2023/01/02;5;148
C-071-7640537;Exento;28;11;2002/03/23;5;465
A-758-0582661;Resp. Inscripto;38;46;2003/10/02;2;48
B-325-1112243;Cons. Final;1;2;2001/08/10;1;339
B-163-4055718;Monotributista;27;72;2010/05/06;2;94
C-360-0630654;Exento;40;15;2017/01/09;2;139
A-347-0446864;Resp. Inscripto;11;34;2009/01/29;2;344
B-316-3593397;Cons. Final;46;171;2007/09/03;5;116
B-343-5647312;Monotributista;27;83;2009/07/26;3;269
C-581-4107577;Exento;46;139;1997/01/07;3;241
A-876-3526244;Resp. Inscripto;8;130;2018/08/12;1;123
B-593-0410864;Cons. Final;4;37;2022/10/01;3;165
B-643-4672196;Monotributista;28;170;2001/09/05;1;157
C-141-0552395;Exento;46;154;2008/10/06;1;79
A-899-4844014;Resp. Inscripto;6;100;2008/06/09;1;411
B-637-5351424;Cons. Final;7;142;1995/06/17;5;321
B-660-8392055;Monotributista;46;124;2011/07/13;1;159
C-356-2599742;Exento;3;176;1996/10/22;3;161
A-274-7077996;Resp. Inscripto;13;108;2003/12/22;3;324
B-547-8904413;Cons. Final;4;161;2007/09/05;1;401
B-548-9121334;Monotributista;26;106;2021/11/18;4;137
C-372-5074477;Exento;19;179;2002/08/17;1;373
A-705-7890087;Resp. Inscripto;11;69;2008/08/10;5;267
B-658-3285915;Cons. Final;21;84;2004/05/03;4;271
B-327-7576899;Monotributista;39;128;2009/09/28;2;368
C-134-0337264;Exento;46;100;2002/04/10;4;242
A-983-0804423;Resp. Inscripto;17;121;2002/01/10;4;126
B-509-0151718;Cons. Final;33;90;1996/04/01;5;367
B-807-8516616;Monotributista;9;177;1997/06/22;4;447
C-326-8421202;Exento;22;115;1998/04/03;3;220
A-083-7695547;Resp. Inscripto;26;98;1997/06/08;2;396
B-684-8870549;Cons. Final;43;127;2018/10/21;4;209
B-844-8988264;Monotributista;44;47;2014/11/18;2;233
C-453-5294222;Exento;50;26;2019/05/21;4;6
A-515-1139334;Resp. Inscripto;19;16;1992/11/14;2;414
B-010-0392721;Cons. Final;21;22;1997/04/16;1;346
B-427-0588540;Monotributista;46;193;2004/11/15;2;465
C-545-5857434;Exento;38;100;1998/11/03;1;441
A-716-1866867;Resp. Inscripto;36;53;1994/05/18;5;414
B-599-6946329;Cons. Final;21;38;2020/10/08;3;117
B-720-7385839;Monotributista;26;68;2016/04/28;2;183
C-941-8628359;Exento;47;146;2017/02/06;5;498
A-928-9705196;Resp. Inscripto;14;4;2015/02/08;2;363
B-837-9710475;Cons. Final;31;113;1992/03/23;2;499
B-640-3541034;Monotributista;47;31;2011/08/05;5;265
C-018-1404878;Exento;19;103;1998/09/28;5;452
A-388-2502562;Resp. Inscripto;47;18;2021/11/07;4;157
B-516-2092531;Cons. Final;48;115;2017/08/25;1;342
B-604-8791406;Monotributista;43;143;1997/06/15;1;227
C-399-0885963;Exento;29;99;2007/10/17;1;464
A-897-7332275;Resp. Inscripto;35;94;2012/04/21;1;356
B-517-9937212;Cons. Final;29;195;2021/11/18;4;373
B-793-7864604;Monotributista;37;138;2002/04/10;4;388
C-395-3735698;Exento;23;185;2021/02/08;1;386
A-728-8368084;Resp. Inscripto;13;166;2020/02/22;1;437
B-861-3122650;Cons. Final;24;198;2011/04/28;2;177
B-726-8162605;Monotributista;17;112;2007/06/26;5;65
C-090-1979049;Exento;33;115;1991/06/30;5;327
A-709-7211172;Resp. Inscripto;2;177;1996/04/27;2;453
B-336-7751937;Cons. Final;39;188;1994/11/11;2;446
B-025-0201952;Monotributista;49;44;2019/04/30;4;23
C-120-8947546;Exento;29;40;2009/05/20;5;198
A-165-6505618;Resp. Inscripto;25;65;2018/03/24;2;169
B-239-5394158;Cons. Final;3;78;1998/01/10;2;9
B-616-8018401;Monotributista;19;10;2011/02/27;2;325
C-442-1769474;Exento;4;23;1990/06/03;5;14
A-726-6830875;Resp. Inscripto;46;99;2010/10/28;4;328
B-431-9328873;Cons. Final;5;103;2019/08/25;2;280
B-752-9722340;Monotributista;7;56;2008/03/23;2;136
C-471-8366060;Exento;20;174;2001/01/22;1;214
A-774-2330696;Resp. Inscripto;2;20;1996/11/05;2;496
B-547-4965493;Cons. Final;49;15;2003/02/02;3;191
B-130-3985798;Monotributista;15;122;2017/11/03;1;476
C-024-6732435;Exento;25;100;2022/12/23;4;29
A-647-5237045;Resp. Inscripto;35;23;2019/09/18;4;368
B-372-9929127;Cons. Final;25;84;1992/12/13;1;140
B-448-1866347;Monotributista;39;151;1991/12/12;3;256
C-247-0409502;Exento;38;99;2019/08/01;4;6
A-734-4420844;Resp. Inscripto;40;149;1995/06/21;5;73
B-989-7712269;Cons. Final;33;114;1995/01/03;2;433
B-328-0063875;Monotributista;28;47;1997/07/31;4;462
C-923-5163179;Exento;10;27;2017/09/07;1;263
A-036-1851768;Resp. Inscripto;45;122;1998/12/31;1;422
B-482-7297781;Cons. Final;21;4;2015/04/04;2;237
B-743-9694771;Monotributista;43;88;1998/11/17;2;411
C-711-3265438;Exento;45;114;2011/05/24;2;58
A-975-1644630;Resp. Inscripto;13;78;1994/07/21;4;346
B-779-2977399;Cons. Final;41;34;2010/12/09;5;280
B-317-7466608;Monotributista;31;28;1998/06/04;5;376
C-232-5466954;Exento;34;119;2015/10/04;5;7
A-346-6173815;Resp. Inscripto;11;164;1994/04/01;3;161
B-836-1374670;Cons. Final;47;97;2005/08/18;1;496
B-892-9019445;Monotributista;25;147;2015/08/19;2;483
C-437-3256689;Exento;50;196;2020/06/18;3;370
A-661-8037477;Resp. Inscripto;13;153;2019/09/14;1;243
B-274-5201720;Cons. Final;44;106;2021/11/09;4;450
B-692-5113278;Monotributista;28;49;1999/07/22;3;275
C-259-3869106;Exento;24;124;2005/10/18;1;245
A-904-3338682;Resp. Inscripto;14;144;2013/04/24;2;105
B-930-4589227;Cons. Final;46;78;1998/03/04;5;446
B-624-1122969;Monotributista;35;187;2013/03/04;3;206
C-525-0927128;Exento;7;8;2022/01/31;1;311
A-206-8088088;Resp. Inscripto;2;132;2020/09/21;5;29
B-843-4339697;Cons. Final;34;138;2017/08/13;3;142
B-545-4686103;Monotributista;40;195;1994/10/19;1;354
C-933-9546932;Exento;5;200;2020/01/24;2;134
A-318-1503624;Resp. Inscripto;46;81;2010/12/02;5;215
B-299-4244701;Cons. Final;12;197;1996/09/24;4;343
B-465-0458663;Monotributista;7;164;2006/01/28;5;102
C-144-7896711;Exento;35;183;2010/09/16;4;319
A-572-1673177;Resp. Inscripto;14;40;2023/02/09;4;47
B-542-7520409;Cons. Final;12;149;2008/10/29;5;457
B-030-5390832;Monotributista;23;30;2012/05/09;1;123
C-836-3969846;Exento;35;51;1991/09/02;4;73
A-195-4777372;Resp. Inscripto;37;135;1990/01/16;2;474
B-145-9240085;Cons. Final;9;162;2012/12/15;5;403
B-710-9636344;Monotributista;19;196;2001/05/19;1;326
C-800-6956070;Exento;37;91;1993/03/18;3;290
A-670-7971767;Resp. Inscripto;6;178;2003/12/31;1;46
B-128-0520268;Cons. Final;28;185;1991/09/17;3;145
B-541-6198083;Monotributista;32;46;2010/08/21;2;419
C-968-5296074;Exento;15;50;1997/12/23;3;306
A-061-0086314;Resp. Inscripto;50;162;1998/04/11;5;488
B-120-6415234;Cons. Final;30;183;1996/12/30;5;391
B-538-7266049;Monotributista;36;17;1991/12/17;2;470
C-832-8601650;Exento;15;80;1994/09/24;1;121
A-166-4334667;Resp. Inscripto;10;189;2020/01/06;3;436
B-988-9388143;Cons. Final;40;165;1996/07/05;1;228
B-956-3190860;Monotributista;19;179;2010/07/01;1;418
C-092-0737010;Exento;18;18;2003/05/26;5;122
A-439-5581658;Resp. Inscripto;29;3;2022/06/21;5;3
B-243-5386849;Cons. Final;4;13;2006/02/11;4;500
B-855-4876867;Monotributista;19;123;2014/11/15;1;323
C-634-2489817;Exento;43;37;2014/09/09;1;239
A-329-2733096;Resp. Inscripto;36;137;2016/06/28;4;263
B-722-9542631;Cons. Final;18;82;2017/03/27;2;466
B-235-8060608;Monotributista;35;16;2009/12/14;4;286
C-426-7950607;Exento;31;68;2015/09/05;2;57
A-451-5773301;Resp. Inscripto;3;64;2021/09/28;2;354
B-968-7998086;Cons. Final;15;52;2015/11/28;4;476
B-074-2823620;Monotributista;23;177;1990/07/10;2;369
C-097-7325234;Exento;37;63;2023/06/12;3;406
A-220-7101015;Resp. Inscripto;38;89;2008/02/07;5;176
B-228-2723860;Cons. Final;10;65;2010/05/19;4;463
B-145-5883520;Monotributista;2;6;2016/09/13;2;279
C-189-7985827;Exento;27;19;2001/08/02;3;46
A-575-9160321;Resp. Inscripto;31;66;2013/03/28;4;263
B-441-8770090;Cons. Final;43;124;1992/01/22;4;152
B-095-8748184;Monotributista;48;192;2010/09/01;2;406
C-971-3488193;Exento;3;132;1998/03/19;4;365
A-055-1624344;Resp. Inscripto;28;176;2003/07/25;4;312
B-526-8576716;Cons. Final;7;102;2019/10/01;4;221
B-102-3794752;Monotributista;38;120;2005/01/28;3;497
C-295-1467182;Exento;8;161;2003/12/27;2;482
A-341-6514759;Resp. Inscripto;39;45;1992/09/25;3;196
B-236-8178723;Cons. Final;34;122;1998/12/04;4;500
B-886-3286315;Monotributista;3;61;2022/07/04;3;73
C-157-4245764;Exento;4;132;2011/11/21;3;331
A-863-2052232;Resp. Inscripto;20;64;1995/05/15;2;21
B-083-9926687;Cons. Final;13;99;1992/09/15;5;297
B-649-2492215;Monotributista;5;53;2009/10/28;5;37
C-247-9816420;Exento;23;136;1991/02/11;2;472
A-266-1454217;Resp. Inscripto;2;44;2017/04/18;5;436
B-909-6177342;Cons. Final;25;70;2017/11/09;4;348
B-585-3808774;Monotributista;38;119;1990/08/04;3;5
C-734-9715188;Exento;17;171;1992/07/27;5;172
A-476-0136285;Resp. Inscripto;6;113;1991/07/31;2;142
B-697-6671241;Cons. Final;10;84;2014/05/26;3;450
B-236-6566870;Monotributista;33;127;1994/06/13;5;77
C-431-3398487;Exento;10;96;2009/05/26;3;179
A-434-2436836;Resp. Inscripto;43;183;2019/11/01;1;343
B-034-4630500;Cons. Final;5;59;2013/05/29;2;112
B-938-1186219;Monotributista;15;96;1991/07/26;3;159
C-928-1032081;Exento;14;101;2016/06/26;5;202
A-691-4394643;Resp. Inscripto;42;123;2013/04/13;4;344
B-980-6006901;Cons. Final;45;191;2015/07/24;3;142
B-450-4888151;Monotributista;11;38;2016/06/27;1;473
C-578-6001045;Exento;44;74;2017/11/28;3;370
A-104-8623034;Resp. Inscripto;2;14;1992/08/07;5;108
B-878-3670498;Cons. Final;15;86;2003/06/02;3;32
B-414-3110138;Monotributista;41;138;2002/10/30;2;450
C-734-5231989;Exento;13;85;1994/06/16;2;247
A-602-9626247;Resp. Inscripto;46;169;2006/04/10;2;134
B-414-0659881;Cons. Final;10;45;1990/01/03;5;137
B-695-7069189;Monotributista;36;55;1990/06/10;3;137
C-811-6579392;Exento;29;7;1996/03/24;4;232
A-361-7473215;Resp. Inscripto;20;135;1990/06/19;4;37
B-726-5239630;Cons. Final;5;159;2010/07/06;4;3
B-389-1367498;Monotributista;16;56;2013/07/16;5;491
C-859-0777490;Exento;20;117;2015/02/18;3;467
A-050-7601232;Resp. Inscripto;22;152;1993/12/12;4;122
B-866-3141793;Cons. Final;38;47;2010/02/09;1;288
B-578-9019634;Monotributista;11;27;2010/11/02;4;214
C-407-5635040;Exento;28;193;1995/12/19;2;54
A-651-9613090;Resp. Inscripto;40;50;2011/01/31;2;470
B-649-0026031;Cons. Final;26;127;1998/07/31;5;427
B-911-2907658;Monotributista;28;104;2015/10/08;3;89
C-325-1677675;Exento;8;90;2020/05/17;3;473
A-834-5837269;Resp. Inscripto;37;41;1995/11/14;3;254
B-776-6751421;Cons. Final;17;71;2023/02/27;4;21
B-420-0489767;Monotributista;28;133;2012/11/01;5;21
C-085-8157809;Exento;13;186;2003/09/15;2;96
A-846-2644435;Resp. Inscripto;42;94;2014/11/26;1;476
B-939-9052528;Cons. Final;26;188;1996/12/08;5;472
B-868-7316198;Monotributista;15;9;1994/11/26;5;21
C-402-9101096;Exento;45;181;2004/10/07;3;242
A-638-4284376;Resp. Inscripto;32;37;1997/11/16;5;286
B-447-3092823;Cons. Final;46;162;2013/01/30;4;183
B-777-3676005;Monotributista;21;98;1993/05/11;5;90
C-225-3157357;Exento;20;15;2019/04/03;2;471
A-705-5324617;Resp. Inscripto;35;179;2002/12/25;3;5
B-843-0459289;Cons. Final;8;98;2023/05/13;5;466
B-584-1001211;Monotributista;4;135;2008/04/27;5;419
C-586-2331547;Exento;6;94;2009/01/20;5;61
A-089-3608235;Resp. Inscripto;27;80;2008/10/10;5;18
B-513-6953492;Cons. Final;15;130;2013/09/26;3;89
B-076-6724636;Monotributista;25;98;2008/10/30;3;48
C-220-7847350;Exento;4;143;2000/07/28;2;174
A-092-0950421;Resp. Inscripto;6;44;2016/11/20;3;345
B-155-0962986;Cons. Final;12;40;1990/10/25;2;171
B-794-0836599;Monotributista;39;69;1992/10/10;3;256
C-393-0174367;Exento;37;21;2015/08/30;2;255
A-740-0190829;Resp. Inscripto;5;191;1994/09/13;4;268
B-829-0764980;Cons. Final;21;55;1999/01/21;5;108
B-389-7075825;Monotributista;14;111;2013/03/04;4;267
C-826-2465105;Exento;37;99;2019/12/06;4;162
A-934-1539680;Resp. Inscripto;2;22;2014/06/14;1;334
B-789-9517426;Cons. Final;13;181;2017/03/28;3;121
B-363-2923083;Monotributista;15;30;2013/01/19;2;236
C-345-0154978;Exento;2;179;1996/09/09;2;485
A-007-1079719;Resp. Inscripto;48;100;2015/05/06;5;344
B-560-9174854;Cons. Final;44;68;1995/04/23;5;272
B-836-3825638;Monotributista;2;86;2008/07/17;1;334
C-592-9464432;Exento;4;145;2013/08/09;1;184
A-440-8783773;Resp. Inscripto;26;8;1998/09/12;3;16
B-393-1768883;Cons. Final;41;164;2015/04/28;3;386
B-851-3395600;Monotributista;12;13;2003/01/27;5;114
C-527-9314164;Exento;9;15;2020/10/14;5;46
A-326-6002638;Resp. Inscripto;32;140;2004/06/04;1;24
B-581-4460389;Cons. Final;41;161;2006/12/11;5;259
B-006-4507867;Monotributista;37;75;2011/04/04;2;26
C-410-4329590;Exento;21;77;2009/04/14;5;313
A-334-2822706;Resp. Inscripto;24;27;2015/11/30;2;467
B-984-5469344;Cons. Final;1;118;2003/03/11;2;240
B-294-5652175;Monotributista;44;56;2015/08/16;2;337
C-924-9464268;Exento;31;4;2000/04/13;2;103
A-849-6193239;Resp. Inscripto;7;36;2019/03/18;3;126
B-309-2312051;Cons. Final;18;158;2012/01/15;1;110
B-205-4259558;Monotributista;30;56;2014/07/07;4;167
C-269-0870381;Exento;46;106;2002/10/02;2;437
A-544-5241017;Resp. Inscripto;11;7;2019/09/17;1;227
B-190-4068191;Cons. Final;25;177;2018/08/26;3;201
B-674-5649619;Monotributista;38;189;2002/02/05;5;452
C-269-0074360;Exento;27;20;1993/10/22;2;99
A-914-0834141;Resp. Inscripto;19;2;2001/07/30;1;350
B-501-5761079;Cons. Final;44;173;2003/06/04;1;101
B-500-6386102;Monotributista;15;104;2021/09/29;4;428
C-099-5146013;Exento;45;129;2023/02/08;2;182
A-436-0233090;Resp. Inscripto;46;11;2018/04/13;1;202
B-172-6189760;Cons. Final;17;129;2001/05/27;1;246
B-046-7259197;Monotributista;20;33;1995/04/14;3;239
C-821-1396364;Exento;37;159;2002/01/08;5;447
A-806-5430661;Resp. Inscripto;12;57;1990/06/21;2;476
B-132-0807648;Cons. Final;43;47;2015/05/01;1;424
B-180-5823066;Monotributista;1;79;2002/10/04;3;346
C-702-0883159;Exento;45;165;2002/08/01;1;71
A-144-0704214;Resp. Inscripto;48;191;2022/12/14;1;499
B-952-0251121;Cons. Final;14;37;2021/11/22;4;175
B-182-2882431;Monotributista;47;92;2020/12/13;4;280
C-644-4745603;Exento;33;29;1997/04/16;2;139
A-730-5659577;Resp. Inscripto;35;93;1997/10/14;5;100
B-843-8509637;Cons. Final;44;170;2006/02/04;1;3
B-441-8780950;Monotributista;12;76;2001/03/10;4;489
C-119-3041099;Exento;11;132;2014/02/17;3;418
